Word,Term Frequency,IDF Score,Max TF-IDF Score
risk factor,385,2.70891911,1
diabetes prediction,641,1.906969069,1
data mining,438,2.663967722,0.994811841
risk prediction,210,3.185843182,0.971251999
risk score,100,4.371466848,0.966109556
diabetes mellitus,1421,1.561699122,0.945081475
type 2 diabetes,1315,1.749877211,0.934069349
machine learning,2301,1.363686235,0.927274723
logistic regression,457,2.350521513,0.89663786
Deep learning,503,2.330640142,0.842659412
risk assessment,357,3.074168987,0.839057469
decision tree,122,3.521820377,0.829692159
random forest,483,2.261547721,0.818188731
learning algorithm,481,2.258502614,0.81461804
neural network,784,2.226067338,0.802938348
diabetes risk,125,3.353042281,0.807615844
diabetes disease,125,3.357114902,0.79300143
predictive model,180,3.185843182,0.71972945
gradient boosting,125,3.563909316,0.721745756
diabetes dataset,156,3.031692502,0.71094286
deep neural,109,3.466773398,0.692946987
learning method,148,3.146125516,0.679688524
type 2 diabetes mellitus,119,3.303626218,0.665044659
prediction diabetes,218,2.697490414,0.631685195
learning model,275,2.774224208,0.630298464
machine learning approach,98,3.577514968,0.624104748
health record,159,3.619479167,0.621063946
naive bayes,148,3.303626218,0.615379635
sensitivity specificity,157,3.243001596,0.611784359
diabetes mellitus type,177,2.947993483,0.611237307
mellitus type,178,2.940720724,0.609729372
machine learning model,201,3.105800474,0.608067101
model based,99,3.550486295,0.604662392
deep neural network,106,3.996773398,0.591300782
learning approach,123,3.357114902,0.585655509
learning technique,237,2.844093888,0.584603477
electronic health record,141,3.790436965,0.563197841
electronic health,147,3.773629847,0.560700574
machine learning algorithm,332,2.511388134,0.560473474
predict diabetes,117,3.214014059,0.554062492
artificial neural network,184,3.131775961,0.550073533
artificial neural,186,3.131775961,0.550073533
machine learning technique,211,2.940720724,0.541697277
support vector,563,2.240353295,0.54139975
prediction using,128,3.063953364,0.522031596
support vector machine,531,2.2844781,0.512163273
vector machine,535,2.276987428,0.51048392
area curve,133,3.346185832,0.508683427
diabetes using,109,3.28300693,0.48959973
middle aged,99,3.773629847,0.479392088
prediction type diabetes,106,3.40206629,0.45605821
prediction type,115,3.335374916,0.447118011
receiver operating characteristic,132,3.195145575,0.422650492
operating characteristic,134,3.176626527,0.420200812
receiver operating,138,3.149475538,0.416609308
using machine learning,170,2.805379376,0.412986422
pima indian,218,2.749980597,0.412182347
using machine,173,2.799070207,0.412057634
forest rf,99,3.368164739,0.405266348
random forest rf,99,3.368164739,0.405266348
diabetes mellitus dm,164,2.870762135,0.395284571
mellitus dm,165,2.864028103,0.39435734
learning ml,121,3.114384218,0.389013861
machine learning ml,121,3.114384218,0.389013861
pima indian diabetes,172,2.970134609,0.387023644
indian diabetes,174,2.955319523,0.385093163
insulin dependent diabetes mellitus,140,3.243001596,0.379467116
dependent diabetes mellitus,140,3.243001596,0.379467116
insulin dependent diabetes,143,3.22358351,0.377194985
dependent diabetes,143,3.22358351,0.377194985
insulin dependent,148,3.195145575,0.373867431
support vector machine svm,121,3.149475538,0.367873953
vector machine svm,121,3.149475538,0.367873953
machine svm,122,3.14058659,0.366835681
type diabetes mellitus dm,111,3.272854559,0.358449668
non insulin dependent,128,3.29326343,0.344521849
non insulin dependent diabetes,128,3.29326343,0.344521849
non insulin,129,3.28300693,0.343448874
